"SystemReplicate","Species","Behaviour","HostGroup","N","NID","Area","NYears","Response","Estimate","SE","t","R2","LinearLower","LinearUpper","Portion","Sig","rArea","rBehaviour","System","ContactType","search_string","unique_name","ott_id","Tip","Obs","Study","R","yi","vi","RLower","RUpper","Rep"
"AcornWoodpeckers_GOG","Melanerpes_formicivorus","Proximity","Bird",143,86,0.882396867448678,3,"Strength",0.225949459267991,0.326291807596879,0.692476654354566,0.0068037337680088,-0.424819031070129,0.87671794960611,"First",0,7.62775732173913,"Proximity","AcornWoodpeckers","GOG","melanerpes formicivorus","Melanerpes formicivorus",576224,"Melanerpes_formicivorus",1,"AcornWoodpeckers_GOG",0.0824847486994341,0.082672584177323,0.00714285714285714,-0.0827847080525845,0.243338576494153,"Strength"
"AcornWoodpeckers_GOG","Melanerpes_formicivorus","Proximity","Bird",143,86,0.882396867448678,3,"Strength",0.251527335356068,0.205846913299949,1.22191453504846,0.0208841923253076,-0.159021387872896,0.662076058585032,"Last",0,7.62775732173913,"Proximity","AcornWoodpeckers","GOG","melanerpes formicivorus","Melanerpes formicivorus",576224,"Melanerpes_formicivorus",2,"AcornWoodpeckers_GOG",0.144513640620211,0.145532454571933,0.00714285714285714,-0.0201120231072573,0.30150988346743,"Strength"
"GoldenCrownedSparrows_GOG","Zonotrichia_atricapilla","Proximity","Bird",688,341,-0.945279246872962,5,"Strength",0.636070582021701,0.085339137279129,7.45344518706848,0.139739172022714,0.468214929683344,0.803926234360058,"First",1,0.113428125,"Proximity","GoldenCrownedSparrows","GOG","zonotrichia atricapilla","Zonotrichia atricapilla",265554,"Zonotrichia_atricapilla",17,"GoldenCrownedSparrows_GOG",0.373817030140033,0.392852842781609,0.00145985401459854,0.307667035271405,0.436370836202178,"Strength"
"GoldenCrownedSparrows_GOG","Zonotrichia_atricapilla","Proximity","Bird",688,341,-0.945279246872962,5,"Strength",0.288283436725658,0.121746836975216,2.36789261953757,0.016083775763024,0.0488190618215197,0.527747811629796,"Last",1,0.113428125,"Proximity","GoldenCrownedSparrows","GOG","zonotrichia atricapilla","Zonotrichia atricapilla",265554,"Zonotrichia_atricapilla",18,"GoldenCrownedSparrows_GOG",0.126821826839957,0.127508389237401,0.00145985401459854,0.0525734970457022,0.199675699370679,"Strength"
"VulturineGuineafowl_GPSProximity","Acryllium_vulturinum","Proximity","Bird",3681,49,0.852638501001441,5,"Strength",0.873083968912574,0.0556972346022621,15.6755353321817,0.117924732686521,0.763847461147202,0.982320476677947,"First",1,7.12259910834527,"Proximity","VulturineGuineafowl","GPSProximity","acryllium vulturinum","Acryllium vulturinum",684040,"Acryllium_vulturinum",61,"VulturineGuineafowl_GPSProximity",0.343401707460113,0.357943929611979,0.000271886895051658,0.314585172359831,0.371585869033321,"Strength"
"VulturineGuineafowl_GPSProximity","Acryllium_vulturinum","Proximity","Bird",3681,49,0.852638501001441,5,"Strength",0.293217449915493,0.0327414182650137,8.9555512697144,0.0417674300839296,0.22900320921898,0.357431690612007,"Last",1,7.12259910834527,"Proximity","VulturineGuineafowl","GPSProximity","acryllium vulturinum","Acryllium vulturinum",684040,"Acryllium_vulturinum",62,"VulturineGuineafowl_GPSProximity",0.204370815147197,0.207289667662463,0.000271886895051658,0.173207837896397,0.235124983003291,"Strength"
"WythamTits_GOG","Parus_major","Proximity","Bird",2874,1966,1.08959312853212,3,"Strength",0.322664928188152,0.028416711465031,11.3547596309734,0.0824400833753713,0.266922181077397,0.378407675298906,"First",1,12.2911672565001,"Proximity","WythamTits","GOG","parus major","Parus major",515143,"Parus_major",75,"WythamTits_GOG",0.287123811926791,0.295428824431502,0.000348310693138279,0.253219446598172,0.320323715826739,"Strength"
"WythamTits_GOG","Parus_major","Proximity","Bird",2874,1966,1.08959312853212,3,"Strength",0.373334873849059,0.0524786544457281,7.11403289189037,0.0340435502483415,0.2703918345937,0.476277913104418,"Last",1,12.2911672565001,"Proximity","WythamTits","GOG","parus major","Parus major",515143,"Parus_major",76,"WythamTits_GOG",0.184508943545676,0.186646559499339,0.000348310693138279,0.14895112237008,0.219590223532908,"Strength"
"AcornWoodpeckers_HRO","Melanerpes_formicivorus","Indirect","Bird",56,37,0.699524266394787,3,"Strength",0.772035759084927,0.197069058649015,3.91758992699073,0.371183428596496,0.366954507586238,1.17711701058362,"First",1,5.00638525144644,"Indirect","AcornWoodpeckers","HRO","melanerpes formicivorus","Melanerpes formicivorus",576224,"Melanerpes_formicivorus",77,"AcornWoodpeckers_HRO",0.609248248743069,0.707724985806423,0.0188679245283019,0.41240300241439,0.751741133642551,"Strength"
"AcornWoodpeckers_HRO","Melanerpes_formicivorus","Indirect","Bird",56,37,0.699524266394787,3,"Strength",-0.476741209145092,0.623442717672081,-0.764691278976249,0.0211984046910451,-1.75594000254207,0.802457584251886,"Last",0,5.00638525144644,"Indirect","AcornWoodpeckers","HRO","melanerpes formicivorus","Melanerpes formicivorus",576224,"Melanerpes_formicivorus",78,"AcornWoodpeckers_HRO",-0.145596719369102,-0.146638812317398,0.0188679245283019,-0.393437466042717,0.121972613381252,"Strength"
"GoldenCrownedSparrows_HRO","Zonotrichia_atricapilla","Indirect","Bird",545,285,-0.985423074133491,5,"Strength",0.573469393707555,0.0722803646993503,7.93395822078233,0.189061808696277,0.431164605193298,0.715774182221813,"First",1,0.103413425925926,"Indirect","GoldenCrownedSparrows","HRO","zonotrichia atricapilla","Zonotrichia atricapilla",265554,"Zonotrichia_atricapilla",89,"GoldenCrownedSparrows_HRO",0.434812383329037,0.465815817695951,0.0018450184501845,0.364120592881674,0.500522818998661,"Strength"
"GoldenCrownedSparrows_HRO","Zonotrichia_atricapilla","Indirect","Bird",545,285,-0.985423074133491,5,"Strength",0.800619166807286,0.113460471430985,7.05637088150372,0.154734464383514,0.577246830967764,1.02399150264681,"Last",1,0.103413425925926,"Indirect","GoldenCrownedSparrows","HRO","zonotrichia atricapilla","Zonotrichia atricapilla",265554,"Zonotrichia_atricapilla",90,"GoldenCrownedSparrows_HRO",0.393363018576371,0.415772491667924,0.0018450184501845,0.319944097399281,0.46208581947028,"Strength"
"VulturineGuineafowl_HRO","Acryllium_vulturinum","Indirect","Bird",3681,49,0.852638501001441,5,"Strength",0.520724094478416,0.0317190112684923,16.4167820387161,0.12788107237117,0.458515009135428,0.582933179821405,"First",1,7.12259910834527,"Indirect","VulturineGuineafowl","HRO","acryllium vulturinum","Acryllium vulturinum",684040,"Acryllium_vulturinum",121,"VulturineGuineafowl_HRO",0.357604631361466,0.374136586103721,0.000271886895051658,0.329100134166013,0.385458026681802,"Strength"
"VulturineGuineafowl_HRO","Acryllium_vulturinum","Indirect","Bird",3681,49,0.852638501001441,5,"Strength",0.511472751824964,0.0439097674912328,11.6482682794229,0.0686761044234386,0.425354540457714,0.597590963192213,"Last",1,7.12259910834527,"Indirect","VulturineGuineafowl","HRO","acryllium vulturinum","Acryllium vulturinum",684040,"Acryllium_vulturinum",122,"VulturineGuineafowl_HRO",0.262061260821661,0.26832038632967,0.000271886895051658,0.23171645690263,0.291896561638888,"Strength"
"WythamTits_HRO","Parus_major","Indirect","Bird",1070,857,0.978678241122915,3,"Strength",0.426929914940098,0.0493397282987346,8.65286311175426,0.123170725251599,0.33000573264652,0.523854097233677,"First",1,9.52090520505149,"Indirect","WythamTits","HRO","parus major","Parus major",515143,"Parus_major",127,"WythamTits_HRO",0.350956870928037,0.366534622242382,0.000937207122774133,0.29727939712447,0.402422873911669,"Strength"
"WythamTits_HRO","Parus_major","Indirect","Bird",1070,857,0.978678241122915,3,"Strength",0.340854817240142,0.0807990275239619,4.21855098613727,0.0322513516984112,0.182131886110625,0.499577748369658,"Last",1,9.52090520505149,"Indirect","WythamTits","HRO","parus major","Parus major",515143,"Parus_major",128,"WythamTits_HRO",0.179586613360827,0.181555492572557,0.000937207122774133,0.120958327484639,0.236966345901249,"Strength"
"AfricanDogs_ProximityCollar","Canis_lupus","Proximity","Carnivore",297,223,1.87872444889925,2,"Strength",-2.78050158827097,3.05320268605997,-0.910683591680932,0.00564835732525226,-8.81468544945973,3.2536822729178,"First",0,75.6352852098904,"Proximity","AfricanDogs","ProximityCollar","canis lupus","Canis lupus",247341,"Canis_lupus",3,"AfricanDogs_ProximityCollar",-0.0751555541876464,-0.075297537490965,0.00340136054421769,-0.187365060655878,0.0389901073759442,"Strength"
"AfricanDogs_ProximityCollar","Canis_lupus","Proximity","Carnivore",297,223,1.87872444889925,2,"Strength",0.0299974633334393,0.0612525635048601,0.489734006496872,0.00161791457745009,-0.0910451052000188,0.151040031866897,"Last",0,75.6352852098904,"Proximity","AfricanDogs","ProximityCollar","canis lupus","Canis lupus",247341,"Canis_lupus",4,"AfricanDogs_ProximityCollar",0.0402233088824141,0.0402450225908014,0.00340136054421769,-0.0739272780858399,0.153333518316268,"Strength"
"KalahariMeerkats_GOG","Suricata_suricatta","Proximity","Carnivore",6418,2734,0.37654361728868,22,"Strength",0.816661724143611,0.0335299175611124,24.3562103203846,0.156102595006899,0.750919481477329,0.882403966809892,"First",1,2.37981730000007,"Proximity","KalahariMeerkats","GOG","suricata suricatta","Suricata suricatta",803645,"Suricata_suricatta",19,"KalahariMeerkats_GOG",0.39509820931877,0.417826988660657,0.000155884645362432,0.374249880193789,0.415547337591993,"Strength"
"KalahariMeerkats_GOG","Suricata_suricatta","Proximity","Carnivore",6418,2734,0.37654361728868,22,"Strength",0.421880581672747,0.0221430406481413,19.052513535812,0.101651763562941,0.378464638949944,0.46529652439555,"Last",1,2.37981730000007,"Proximity","KalahariMeerkats","GOG","suricata suricatta","Suricata suricatta",803645,"Suricata_suricatta",20,"KalahariMeerkats_GOG",0.318828737040658,0.330342769632191,0.000155884645362432,0.296676949120065,0.340637611314687,"Strength"
"SerengetiLions_Census","Panthera_leo","Proximity","Carnivore",1990,1990,3.49087803065569,30,"Strength",0.696404738061315,0.0736405846671798,9.45680620555541,0.0826206644483554,0.55189570640074,0.84091376972189,"First",1,3096.54952727273,"Proximity","SerengetiLions","Census","panthera leo","Panthera leo",563151,"Panthera_leo",49,"SerengetiLions_Census",0.287438105421594,0.29577138998489,0.000503271263210871,0.246611942055307,0.327245838286977,"Strength"
"SerengetiLions_Census","Panthera_leo","Proximity","Carnivore",1990,1990,3.49087803065569,30,"Strength",0.228878284560479,0.0367700836613955,6.22457883610355,0.0375168772225176,0.156722384597197,0.301034184523762,"Last",1,3096.54952727273,"Proximity","SerengetiLions","Census","panthera leo","Panthera leo",563151,"Panthera_leo",50,"SerengetiLions_Census",0.193692739209599,0.196171018383367,0.000503271263210871,0.151037277077143,0.235628244039979,"Strength"
"WoodchesterBadgers_CoTrapping","Meles_meles","Proximity","Carnivore",477,477,0.838907338938596,8,"Strength",0.321665256763364,0.0846816942092608,3.79852174389051,0.057616253860829,0.154836657937169,0.488493855589559,"First",1,6.9009255,"Proximity","WoodchesterBadgers","CoTrapping","meles meles","Meles meles",923113,"Meles_meles",69,"WoodchesterBadgers_CoTrapping",0.240033859821545,0.244810042321425,0.00210970464135021,0.153561492486355,0.322857781703924,"Strength"
"WoodchesterBadgers_CoTrapping","Meles_meles","Proximity","Carnivore",477,477,0.838907338938596,8,"Strength",0.101825540621385,0.127746784780856,0.797088872303614,0.00266243315822867,-0.149833265853739,0.353484347096509,"Last",0,6.9009255,"Proximity","WoodchesterBadgers","CoTrapping","meles meles","Meles meles",923113,"Meles_meles",70,"WoodchesterBadgers_CoTrapping",0.05159877089843,0.0516446369494529,0.00210970464135021,-0.0383606573466504,0.140728545794541,"Strength"
"WythamBadgers_CoTrapping","Meles_meles","Proximity","Carnivore",4993,1585,0.725053625137006,32,"Strength",0.379209210344712,0.0371754107996526,10.200538533074,0.0400496321707366,0.306311366262267,0.452107054427158,"First",1,5.3095,"Proximity","WythamBadgers","CoTrapping","meles meles","Meles meles",923113,"Meles_meles",71,"WythamBadgers_CoTrapping",0.200124041960821,0.202861767769807,0.000200400801603206,0.173347607980778,0.226604835247894,"Strength"
"WythamBadgers_CoTrapping","Meles_meles","Proximity","Carnivore",4993,1585,0.725053625137006,32,"Strength",0.238001165362908,0.0304973407844793,7.80399730733347,0.0238188108364255,0.178198476416742,0.297803854309074,"Last",1,5.3095,"Proximity","WythamBadgers","CoTrapping","meles meles","Meles meles",923113,"Meles_meles",72,"WythamBadgers_CoTrapping",0.154333440434747,0.155576602116255,0.000200400801603206,0.1271390054961,0.181296028515334,"Strength"
"AfricanDogs_HRO","Canis_lupus","Indirect","Carnivore",297,223,1.87872444889925,2,"Strength",22.7121922657972,2.96255698027107,7.66641533548462,0.287018595534438,16.8571556513519,28.5672288802425,"First",1,75.6352852098904,"Indirect","AfricanDogs","HRO","canis lupus","Canis lupus",247341,"Canis_lupus",79,"AfricanDogs_HRO",0.535741164681638,0.598163077749287,0.00340136054421769,0.449326158232595,0.612223680945602,"Strength"
"AfricanDogs_HRO","Canis_lupus","Indirect","Carnivore",297,223,1.87872444889925,2,"Strength",0.0150980073726933,0.0481579002247797,0.313510499881069,0.000663672985757202,-0.0800679025067,0.110263917252087,"Last",0,75.6352852098904,"Indirect","AfricanDogs","HRO","canis lupus","Canis lupus",247341,"Canis_lupus",80,"AfricanDogs_HRO",0.0257618513650941,0.0257675527838643,0.00340136054421769,-0.0883092275073001,0.139165970267693,"Strength"
"KalahariMeerkats_HRO","Suricata_suricatta","Indirect","Carnivore",2412,1357,0.324404269904954,19,"Strength",0.717259130948578,0.0564992053240373,12.6950304315771,0.118054549889965,0.606411291474388,0.828106970422768,"First",1,2.11059191374106,"Indirect","KalahariMeerkats","HRO","suricata suricatta","Suricata suricatta",803645,"Suricata_suricatta",91,"KalahariMeerkats_HRO",0.343590672006626,0.358158172612317,0.0004151100041511,0.307901419267885,0.378314335045584,"Strength"
"KalahariMeerkats_HRO","Suricata_suricatta","Indirect","Carnivore",2412,1357,0.324404269904954,19,"Strength",0.469975424760024,0.0341639816955556,13.7564593304171,0.135729967427515,0.402947926326243,0.537002923193806,"Last",1,2.11059191374106,"Indirect","KalahariMeerkats","HRO","suricata suricatta","Suricata suricatta",803645,"Suricata_suricatta",92,"KalahariMeerkats_HRO",0.36841548206816,0.386588498704501,0.0004151100041511,0.333406322487418,0.402410008392644,"Strength"
"SerengetiLions_HRO","Panthera_leo","Indirect","Carnivore",1478,1478,3.44387780363072,30,"Strength",0.91665892181003,0.0595664256532717,15.3888522226561,0.243184117754178,0.799718829258771,1.03359901436129,"First",1,2778.9312567013,"Indirect","SerengetiLions","HRO","panthera leo","Panthera leo",563151,"Panthera_leo",109,"SerengetiLions_HRO",0.493137017221561,0.540196925140183,0.000677966101694915,0.453552507016506,0.530779689052027,"Strength"
"SerengetiLions_HRO","Panthera_leo","Indirect","Carnivore",1478,1478,3.44387780363072,30,"Strength",0.399009739757295,0.0417185306006074,9.56432870508353,0.110282083239305,0.317108603295739,0.480910876218851,"Last",1,2778.9312567013,"Indirect","SerengetiLions","HRO","panthera leo","Panthera leo",563151,"Panthera_leo",110,"SerengetiLions_HRO",0.332087463237179,0.3451726400306,0.000677966101694915,0.285940364719404,0.376697788034023,"Strength"
"BeakedWhales_Census","Hyperoodon_ampullatus","Proximity","Cetacean",942,526,2.54539655375721,15,"Strength",0.838224523987772,0.225220164269875,3.72180051775182,0.0286874753701454,0.395659021019907,1.28079002695564,"First",1,351.072291321316,"Proximity","BeakedWhales","Census","hyperoodon ampullatus","Hyperoodon ampullatus",1003913,"Hyperoodon_ampullatus",5,"BeakedWhales_Census",0.169373774150975,0.171021871725979,0.00106496272630458,0.106653686229638,0.230751303527013,"Strength"
"BeakedWhales_Census","Hyperoodon_ampullatus","Proximity","Cetacean",942,526,2.54539655375721,15,"Strength",0.0743970239748668,0.0465768501269568,1.59729616262326,0.00539910637006413,-0.0171276123827832,0.165921660332517,"Last",0,351.072291321316,"Proximity","BeakedWhales","Census","hyperoodon ampullatus","Hyperoodon ampullatus",1003913,"Hyperoodon_ampullatus",6,"BeakedWhales_Census",0.073478611650358,0.0736112813082486,0.00106496272630458,0.00964997441981341,0.136710905230349,"Strength"
"MorayDolphins_Census","Tursiops_truncatus","Proximity","Cetacean",2849,687,3.27756158716418,32,"Strength",0.832485123042761,0.098707015545576,8.43390024955599,0.0476386124039382,0.638858120337121,1.0261121257484,"First",1,1894.7921951919,"Proximity","MorayDolphins","Census","tursiops truncatus","Tursiops truncatus",124230,"Tursiops_truncatus",29,"MorayDolphins_Census",0.218262714186226,0.221831192823723,0.000351370344342937,0.183006792706195,0.252957962414743,"Strength"
"MorayDolphins_Census","Tursiops_truncatus","Proximity","Cetacean",2849,687,3.27756158716418,32,"Strength",0.241082040697314,0.0269161506934252,8.9567800181845,0.0533324246821248,0.188282477071323,0.293881604323304,"Last",1,1894.7921951919,"Proximity","MorayDolphins","Census","tursiops truncatus","Tursiops truncatus",124230,"Tursiops_truncatus",30,"MorayDolphins_Census",0.230938140379897,0.235180232746807,0.000351370344342937,0.195876548639173,0.265410040429956,"Strength"
"PotomacDolphins_GOG","Tursiops_truncatus","Proximity","Cetacean",925,861,2.35753028098602,3,"Strength",0.318464194483382,0.0485317929302913,6.56197051983652,0.0855951647369,0.223092695739808,0.413835693226957,"First",1,227.787706026666,"Proximity","PotomacDolphins","GOG","tursiops truncatus","Tursiops truncatus",124230,"Tursiops_truncatus",37,"PotomacDolphins_GOG",0.292566513355339,0.301370726390054,0.00108459869848156,0.232492467358701,0.350416697888402,"Strength"
"PotomacDolphins_GOG","Tursiops_truncatus","Proximity","Cetacean",925,861,2.35753028098602,3,"Strength",-1.063040602783,0.0531792983281518,-19.9897448105338,0.463782013586574,-1.16754388115924,-0.958537324406767,"Last",1,227.787706026666,"Proximity","PotomacDolphins","GOG","tursiops truncatus","Tursiops truncatus",124230,"Tursiops_truncatus",38,"PotomacDolphins_GOG",-0.681015428302894,-0.831005287193817,0.00108459869848156,-0.714125772744462,-0.64486471604909,"Strength"
"SharkBayDolphins_Census","Tursiops_aduncus","Proximity","Cetacean",4139,770,2.67221537347356,12,"Strength",0.207172677262454,0.0477689970433662,4.33696937522837,0.00901342702055652,0.113492334542138,0.300853019982769,"First",1,470.127194284986,"Proximity","SharkBayDolphins","Census","tursiops aduncus","Tursiops aduncus",257323,"Tursiops_aduncus",51,"SharkBayDolphins_Census",0.0949390700426148,0.0952258647761641,0.000241779497098646,0.0646595370716012,0.125043943127838,"Strength"
"SharkBayDolphins_Census","Tursiops_aduncus","Proximity","Cetacean",4139,770,2.67221537347356,12,"Strength",0.166228323560931,0.0306403305303684,5.4251478585121,0.0140325054968415,0.106139210479013,0.22631743664285,"Last",1,470.127194284986,"Proximity","SharkBayDolphins","Census","tursiops aduncus","Tursiops aduncus",257323,"Tursiops_aduncus",52,"SharkBayDolphins_Census",0.118458876817407,0.119017680883292,0.000241779497098646,0.0883110358441461,0.148389891140951,"Strength"
"TayDolphins_Census","Tursiops_truncatus","Proximity","Cetacean",1208,266,3.16701896654086,13,"Strength",0.805789932677108,0.161618189261898,4.98576265677217,0.0396546523134682,0.488385961157689,1.12319390419653,"First",1,1468.99043010214,"Proximity","TayDolphins","Census","tursiops truncatus","Tursiops truncatus",124230,"Tursiops_truncatus",59,"TayDolphins_Census",0.199134759179477,0.201831423725149,0.000829875518672199,0.144354225932529,0.252698417017956,"Strength"
"TayDolphins_Census","Tursiops_truncatus","Proximity","Cetacean",1208,266,3.16701896654086,13,"Strength",0.2896166207538,0.0414560943831993,6.98610481915469,0.0748776261063256,0.208200753503339,0.371032488004262,"Last",1,1468.99043010214,"Proximity","TayDolphins","Census","tursiops truncatus","Tursiops truncatus",124230,"Tursiops_truncatus",60,"TayDolphins_Census",0.273637764400906,0.28079181442447,0.000829875518672199,0.220641211990591,0.325023316982204,"Strength"
"BeakedWhales_HRO","Hyperoodon_ampullatus","Indirect","Cetacean",136,109,2.26507501841873,13,"Strength",2.38930971722696,0.40874053942407,5.84554133190112,0.341122420772909,1.57323289962949,3.20538653482443,"First",1,184.108999706403,"Indirect","BeakedWhales","HRO","hyperoodon ampullatus","Hyperoodon ampullatus",1003913,"Hyperoodon_ampullatus",81,"BeakedWhales_HRO",0.584056864331641,0.668597956558138,0.0075187969924812,0.461052842180529,0.685039426969099,"Strength"
"BeakedWhales_HRO","Hyperoodon_ampullatus","Indirect","Cetacean",136,109,2.26507501841873,13,"Strength",-0.152231542577902,0.134513698625464,-1.1317177665434,0.0187576212132867,-0.420722008765169,0.116258923609366,"Last",0,184.108999706403,"Indirect","BeakedWhales","HRO","hyperoodon ampullatus","Hyperoodon ampullatus",1003913,"Hyperoodon_ampullatus",82,"BeakedWhales_HRO",-0.136958465285234,-0.13782457238764,0.0075187969924812,-0.298411583605885,0.0321148112098093,"Strength"
"MorayDolphins_HRO","Tursiops_truncatus","Indirect","Cetacean",1061,224,2.87202554140045,27,"Strength",1.13906001367806,0.165804568708985,6.86989521788931,0.0820511696663442,0.813342399358566,1.46477762799755,"First",1,744.775773810706,"Indirect","MorayDolphins","HRO","tursiops truncatus","Tursiops truncatus",124230,"Tursiops_truncatus",99,"MorayDolphins_HRO",0.286445753444425,0.294690000999553,0.000945179584120983,0.230230933803267,0.340755199645916,"Strength"
"MorayDolphins_HRO","Tursiops_truncatus","Indirect","Cetacean",1061,224,2.87202554140045,27,"Strength",-0.0658003008146961,0.0445188803525067,-1.47803134970332,0.00410492292800435,-0.153255416802808,0.0216548151734159,"Last",0,744.775773810706,"Indirect","MorayDolphins","HRO","tursiops truncatus","Tursiops truncatus",124230,"Tursiops_truncatus",100,"MorayDolphins_HRO",-0.0640696724512023,-0.0641575560286269,0.000945179584120983,-0.123776261807604,-0.0039008482273385,"Strength"
"SharkBayDolphins_HRO","Tursiops_aduncus","Indirect","Cetacean",1257,328,2.48604233263678,12,"Strength",0.600827150476084,0.0483472955649936,12.4273166359096,0.197886519410151,0.505884628199183,0.695769672752986,"First",1,306.226191158722,"Indirect","SharkBayDolphins","HRO","tursiops aduncus","Tursiops aduncus",257323,"Tursiops_aduncus",111,"SharkBayDolphins_HRO",0.444844376619679,0.478254209988791,0.000797448165869219,0.399376209256843,0.488129567427293,"Strength"
"SharkBayDolphins_HRO","Tursiops_aduncus","Indirect","Cetacean",1257,328,2.48604233263678,12,"Strength",0.560379918727503,0.0589558929851923,9.50507049173611,0.125769920261548,0.444605363258653,0.676154474196354,"Last",1,306.226191158722,"Indirect","SharkBayDolphins","HRO","tursiops aduncus","Tursiops aduncus",257323,"Tursiops_aduncus",112,"SharkBayDolphins_HRO",0.354640550785648,0.370741987387718,0.000797448165869219,0.305336524767862,0.402048204982072,"Strength"
"TayDolphins_HRO","Tursiops_truncatus","Indirect","Cetacean",201,94,2.42536742259026,13,"Strength",0.980968441966046,0.264741606660051,3.70538070816231,0.122884320173285,0.45559733969489,1.5063395442372,"First",1,266.297704362715,"Indirect","TayDolphins","HRO","tursiops truncatus","Tursiops truncatus",124230,"Tursiops_truncatus",119,"TayDolphins_HRO",0.350548598875085,0.366069075085292,0.00505050505050505,0.222971118452619,0.466320222737901,"Strength"
"TayDolphins_HRO","Tursiops_truncatus","Indirect","Cetacean",201,94,2.42536742259026,13,"Strength",-0.437618427536905,0.110111595036264,-3.97431739493719,0.13640633571539,-0.656076695948052,-0.219160159125757,"Last",1,266.297704362715,"Indirect","TayDolphins","HRO","tursiops truncatus","Tursiops truncatus",124230,"Tursiops_truncatus",120,"TayDolphins_HRO",-0.369332283608392,-0.387649695186685,0.00505050505050505,-0.483037212634616,-0.243377473634648,"Strength"
"DesertTortoises_DenSharing","Gopherus_agassizii","Proximity","Ectotherm",6864,3544,0.0234145768699458,4,"Strength",3.08771436814462,0.108761482059822,28.3897783449316,0.190269927349818,2.87447053222235,3.30095820406689,"First",1,1.05539389312506,"Proximity","DesertTortoises","DenSharing","gopherus agassizii","Gopherus agassizii",831059,"Gopherus_agassizii",9,"DesertTortoises_DenSharing",0.436199412367575,0.467527492783904,0.000145751348199971,0.416843279637996,0.455160134532285,"Strength"
"DesertTortoises_DenSharing","Gopherus_agassizii","Proximity","Ectotherm",6864,3544,0.0234145768699458,4,"Strength",-0.285867699248316,0.0155331362119902,-18.4037334989473,0.0898473723907586,-0.31632283047885,-0.255412568017781,"Last",1,1.05539389312506,"Proximity","DesertTortoises","DenSharing","gopherus agassizii","Gopherus agassizii",831059,"Gopherus_agassizii",10,"DesertTortoises_DenSharing",-0.299745512711631,-0.309239971295314,0.000145751348199971,-0.321126055194188,-0.278059572762679,"Strength"
"SleepyLizards_GPSProximity","Tiliqua_rugosa","Proximity","Ectotherm",546,199,0.224880219906894,9,"Strength",0.296560195099147,0.0985523497002703,3.00916412445856,0.0323331720759725,0.102534634384624,0.490585755813671,"First",1,1.67834106134508,"Proximity","SleepyLizards","GPSProximity","tiliqua rugosa","Tiliqua rugosa",87622,"Tiliqua_rugosa",55,"SleepyLizards_GPSProximity",0.17981427105759,0.181790747170511,0.00184162062615101,0.0973711495787281,0.259806465750914,"Strength"
"SleepyLizards_GPSProximity","Tiliqua_rugosa","Proximity","Ectotherm",546,199,0.224880219906894,9,"Strength",0.0850909620738513,0.113045173664405,0.752716452331339,0.0020786923082543,-0.137463767148848,0.307645691296551,"Last",0,1.67834106134508,"Proximity","SleepyLizards","GPSProximity","tiliqua rugosa","Tiliqua rugosa",87622,"Tiliqua_rugosa",56,"SleepyLizards_GPSProximity",0.0455926782307675,0.0456243087400576,0.00184162062615101,-0.0384668065593189,0.129011426912447,"Strength"
"WaterDragons_CensusProximity","Intellagama_lesueurii","Proximity","Ectotherm",3685,1254,-1.2642791495128,11,"Strength",0.296561543979495,0.0629628627058073,4.71010261025094,0.0119134596217171,0.173075371572217,0.420047716386772,"First",1,0.0544152777774622,"Proximity","WaterDragons","CensusProximity","intellagama lesueurii","Intellagama lesueurii",913385,"Intellagama_lesueurii",63,"WaterDragons_CensusProximity",0.109148795786839,0.109585367298489,0.000271591526344378,0.0771315863498754,0.140941120619294,"Strength"
"WaterDragons_CensusProximity","Intellagama_lesueurii","Proximity","Ectotherm",3685,1254,-1.2642791495128,11,"Strength",0.00860191099190744,0.0254053740889034,0.338586275557525,6.22331875904658e-05,-0.0412244474021647,0.0584282693859796,"Last",0,0.0544152777774622,"Proximity","WaterDragons","CensusProximity","intellagama lesueurii","Intellagama lesueurii",913385,"Intellagama_lesueurii",64,"WaterDragons_CensusProximity",0.00788880140391846,0.00788896505844855,0.000271591526344378,-0.0244064605432254,0.0401676149221794,"Strength"
"WildCrickets_Fight","Gryllus_campestris","Proximity","Ectotherm",1334,1334,-3.07617403368827,10,"Strength",0.178671687939904,0.0753519007001718,2.37116365054739,0.00838387878882008,0.0307153900812452,0.326627985798562,"First",1,0.000839123659313769,"Direct","WildCrickets","Fight","gryllus campestris","Gryllus campestris",599281,"Gryllus_campestris",65,"WildCrickets_Fight",0.0915635232438119,0.0918207040189758,0.000751314800901578,0.0380794299943781,0.144524510588041,"Strength"
"WildCrickets_Fight","Gryllus_campestris","Proximity","Ectotherm",1334,1334,-3.07617403368827,10,"Strength",0.202614109705093,0.0669850478271011,3.02476621690368,0.013551390599841,0.0710868029810264,0.334141416429159,"Last",1,0.000839123659313769,"Direct","WildCrickets","Fight","gryllus campestris","Gryllus campestris",599281,"Gryllus_campestris",66,"WildCrickets_Fight",0.116410440252758,0.116940598721353,0.000751314800901578,0.0631336645146039,0.16902561459919,"Strength"
"WildCrickets_Mate","Gryllus_campestris","Proximity","Ectotherm",1334,1334,-3.07617403368827,10,"Strength",0.0831301661660437,0.0744433923644032,1.11668965539773,0.00187167190900472,-0.0630422413237584,0.229302573655846,"First",0,0.000839123659313769,"Direct","WildCrickets","Mate","gryllus campestris","Gryllus campestris",599281,"Gryllus_campestris",67,"WildCrickets_Mate",0.043262823636521,0.0432898452589535,0.000751314800901578,-0.0104326286126175,0.0967094952092905,"Strength"
"WildCrickets_Mate","Gryllus_campestris","Proximity","Ectotherm",1334,1334,-3.07617403368827,10,"Strength",0.0467835019064576,0.069152569563522,0.676525864501439,0.000686746141726147,-0.0889998038129839,0.182566807625899,"Last",0,0.000839123659313769,"Direct","WildCrickets","Mate","gryllus campestris","Gryllus campestris",599281,"Gryllus_campestris",68,"WildCrickets_Mate",0.026205841748094,0.0262118431413854,0.000751314800901578,-0.027504070729596,0.0797648804772703,"Strength"
"DesertTortoises_HRO","Gopherus_agassizii","Indirect","Ectotherm",3181,1519,-0.202603022036315,4,"Strength",-0.749696026234822,0.312129511618745,-2.4018748574808,0.00361972332298532,-1.36192525910247,-0.137466793367176,"First",1,0.627186898938357,"Indirect","DesertTortoises","HRO","gopherus agassizii","Gopherus agassizii",831059,"Gopherus_agassizii",83,"DesertTortoises_HRO",-0.0601641365182392,-0.0602368870952869,0.000314663310258024,-0.0947194000619433,-0.0254640667872894,"Strength"
"DesertTortoises_HRO","Gopherus_agassizii","Indirect","Ectotherm",3181,1519,-0.202603022036315,4,"Strength",0.390349316191812,0.0203626662704239,19.1698528575691,0.187732516725211,0.350408819939945,0.430289812443678,"Last",1,0.627186898938357,"Indirect","DesertTortoises","HRO","gopherus agassizii","Gopherus agassizii",831059,"Gopherus_agassizii",84,"DesertTortoises_HRO",0.433281105894558,0.463929085702048,0.000314663310258024,0.404620550800156,0.461091326659093,"Strength"
"SleepyLizards_HRO","Tiliqua_rugosa","Indirect","Ectotherm",546,199,0.224880219906894,9,"Strength",0.620801548120471,0.0487242447813647,12.7411220205902,0.374619507811846,0.52487538357089,0.716727712670052,"First",1,1.67834106134508,"Indirect","SleepyLizards","HRO","tiliqua rugosa","Tiliqua rugosa",87622,"Tiliqua_rugosa",115,"SleepyLizards_HRO",0.612061686279942,0.712211423765629,0.00184162062615101,0.55674344065237,0.661975275842536,"Strength"
"SleepyLizards_HRO","Tiliqua_rugosa","Indirect","Ectotherm",546,199,0.224880219906894,9,"Strength",0.98945092704969,0.0875330683950203,11.3037386349178,0.319616445893311,0.81712248786733,1.16177936623205,"Last",1,1.67834106134508,"Indirect","SleepyLizards","HRO","tiliqua rugosa","Tiliqua rugosa",87622,"Tiliqua_rugosa",116,"SleepyLizards_HRO",0.565346306164028,0.64065637624263,0.00184162062615101,0.505410414443109,0.619853092232309,"Strength"
"WaterDragons_HRO","Intellagama_lesueurii","Indirect","Ectotherm",2376,796,-1.30297877866656,11,"Strength",0.551412075711992,0.0348245640516762,15.8339979473613,0.174506012198038,0.483087457368225,0.619736694055758,"First",1,0.0497761406961271,"Indirect","WaterDragons","HRO","intellagama lesueurii","Intellagama lesueurii",913385,"Intellagama_lesueurii",123,"WaterDragons_HRO",0.41773916766092,0.444950116742185,0.000421407501053519,0.383976532289917,0.450386220764663,"Strength"
"WaterDragons_HRO","Intellagama_lesueurii","Indirect","Ectotherm",2376,796,-1.30297877866656,11,"Strength",0.0527263211645776,0.0406205076622896,1.29802221092196,0.00141741660417349,-0.0269696741766837,0.132422316505839,"Last",0,0.0497761406961271,"Indirect","WaterDragons","HRO","intellagama lesueurii","Intellagama lesueurii",913385,"Intellagama_lesueurii",124,"WaterDragons_HRO",0.0376485936546571,0.037666396711644,0.000421407501053519,-0.0025681544564376,0.0777437529409994,"Strength"
"WildCrickets_HRO","Gryllus_campestris","Indirect","Ectotherm",1112,556,-3.27004227263348,10,"Strength",0.303845321805613,0.0548687910612156,5.53767115930478,0.052450137789123,0.196069009588666,0.411621634022561,"First",1,0.000536979526206979,"Indirect","WildCrickets","HRO","gryllus campestris","Gryllus campestris",599281,"Gryllus_campestris",125,"WildCrickets_HRO",0.229019950635579,0.233154922871577,0.000901713255184851,0.172556145603699,0.283983564309247,"Strength"
"WildCrickets_HRO","Gryllus_campestris","Indirect","Ectotherm",1112,556,-3.27004227263348,10,"Strength",0.550509712762478,0.0915161229832217,6.01543962765345,0.0612083907035836,0.370749394667888,0.730270030857069,"Last",1,0.000536979526206979,"Indirect","WildCrickets","HRO","gryllus campestris","Gryllus campestris",599281,"Gryllus_campestris",126,"WildCrickets_HRO",0.247403295660312,0.252644903497771,0.000901713255184851,0.191400039756934,0.301800871195677,"Strength"
"EuropeanBoar_ProximityCollar","Sus_scrofa","Proximity","LargeHerbivore",46,46,3.02473464737728,1,"Strength",0.0717241628066076,0.232821884343328,0.308064523268098,0.00449889469129072,-0.412455451229365,0.55590377684258,"First",0,1058.60672201452,"Proximity","EuropeanBoar","ProximityCollar","sus scrofa","Sus scrofa",730013,"Sus_scrofa",11,"EuropeanBoar_ProximityCollar",0.0670738003343386,0.0671746587134605,0.0232558139534884,-0.227657043523497,0.350546221164767,"Strength"
"EuropeanBoar_ProximityCollar","Sus_scrofa","Proximity","LargeHerbivore",46,46,3.02473464737728,1,"Strength",-1.00379252999412,1.02698942100635,-0.977412726423707,0.041617149618276,-3.13363823124155,1.1260531712533,"Last",0,1058.60672201452,"Proximity","EuropeanBoar","ProximityCollar","sus scrofa","Sus scrofa",730013,"Sus_scrofa",12,"EuropeanBoar_ProximityCollar",-0.204002817672394,-0.206905660038407,0.0232558139534884,-0.466664249396985,0.0917274760455694,"Strength"
"FieldingCows_ProximityCollar","Bos_taurus","Proximity","LargeHerbivore",365,365,-2.10312837599121,1,"Strength",0.228384658101249,0.502082004510973,0.45487521171705,0.00114818824960883,-0.762339028909347,1.21910834511185,"First",0,0.00788626967676345,"Proximity","FieldingCows","ProximityCollar","bos taurus","Bos taurus",490099,"Bos_taurus",15,"FieldingCows_ProximityCollar",0.033884926584085,0.0338979042839453,0.00276243093922652,-0.0690056716977632,0.136062235685191,"Strength"
"FieldingCows_ProximityCollar","Bos_taurus","Proximity","LargeHerbivore",365,365,-2.10312837599121,1,"Strength",0.0638215343276819,0.0767146590887529,0.83193401477344,0.00378841860771639,-0.0875429380185883,0.215186006673952,"Last",0,0.00788626967676345,"Proximity","FieldingCows","ProximityCollar","bos taurus","Bos taurus",490099,"Bos_taurus",16,"FieldingCows_ProximityCollar",0.0615501308505221,0.061628033891945,0.00276243093922652,-0.041361774664988,0.163169774063665,"Strength"
"KenyanElephants_GOG","Loxodonta_africana","Proximity","LargeHerbivore",215,151,4.06733643633298,2,"Strength",0.639838386865282,0.241125647135178,2.65354761912399,0.062289747505297,0.161783339113644,1.11789343461692,"First",1,11677.138635026,"Proximity","KenyanElephants","GOG","loxodonta africana","Loxodonta africana",541936,"Loxodonta_africana",21,"KenyanElephants_GOG",0.249579140765604,0.254963945712016,0.00471698113207547,0.119775314693457,0.370993630080563,"Strength"
"KenyanElephants_GOG","Loxodonta_africana","Proximity","LargeHerbivore",215,151,4.06733643633298,2,"Strength",0.0741004953534291,0.324833594844542,0.228118324365101,0.00049068335608915,-0.569913700314804,0.718114691021663,"Last",0,11677.138635026,"Proximity","KenyanElephants","GOG","loxodonta africana","Loxodonta africana",541936,"Loxodonta_africana",22,"KenyanElephants_GOG",0.0221513736840213,0.0221549978545336,0.00471698113207547,-0.1119842158372,0.155494174583919,"Strength"
"ReticulatedGiraffes_GOG","Giraffa_camelopardalis","Proximity","LargeHerbivore",214,214,2.27675380731728,1,"Strength",0.571523334119617,0.174559547530751,3.27408808171284,0.0926346779523717,0.225403997088892,0.917642671150342,"First",1,189.127119164626,"Proximity","ReticulatedGiraffes","GOG","giraffa camelopardalis","Giraffa camelopardalis",768674,"Giraffa_camelopardalis",41,"ReticulatedGiraffes_GOG",0.30435945517163,0.31431714598158,0.004739336492891,0.177487883304251,0.421279538372981,"Strength"
"ReticulatedGiraffes_GOG","Giraffa_camelopardalis","Proximity","LargeHerbivore",214,214,2.27675380731728,1,"Strength",0.202273283855191,0.168714232625107,1.19891061179559,0.0133788311483297,-0.132219091768215,0.536765659478597,"Last",0,189.127119164626,"Proximity","ReticulatedGiraffes","GOG","giraffa camelopardalis","Giraffa camelopardalis",768674,"Giraffa_camelopardalis",42,"ReticulatedGiraffes_GOG",0.115666897374874,0.116186907373456,0.004739336492891,-0.0187403834720847,0.245967800697799,"Strength"
"RumDeer_GOG","Cervus_elaphus","Proximity","LargeHerbivore",6807,987,1.29299404006743,47,"Strength",0.60597316737722,0.0215738883288615,28.0882684725196,0.188251033853799,0.563674074152001,0.648272260602438,"First",1,19.6333333333331,"Proximity","RumDeer","GOG","cervus elaphus","Cervus elaphus",936014,"Cervus_elaphus",45,"RumDeer_GOG",0.433879054407791,0.46466546800887,0.000146972369194591,0.414393818093869,0.452966701134144,"Strength"
"RumDeer_GOG","Cervus_elaphus","Proximity","LargeHerbivore",6807,987,1.29299404006743,47,"Strength",0.561351493823625,0.0204107570198946,27.502727766367,0.181896890221939,0.521332907427829,0.601370080219421,"Last",1,19.6333333333331,"Proximity","RumDeer","GOG","cervus elaphus","Cervus elaphus",936014,"Cervus_elaphus",46,"RumDeer_GOG",0.426493716509328,0.455602936456109,0.000146972369194591,0.406859435942717,0.445734117287425,"Strength"
"RumDeer_Dominance","Cervus_elaphus","Proximity","LargeHerbivore",2173,391,1.22829990895539,22,"Strength",-0.0964600823355409,0.05182620727001,-1.86122210010453,0.00318552819715989,-0.198151125284873,0.00523096061379083,"First",0,16.9160869565219,"Direct","RumDeer","Dominance","cervus elaphus","Cervus elaphus",936014,"Cervus_elaphus",47,"RumDeer_Dominance",-0.056440483672271,-0.0565005293979322,0.000460829493087558,-0.0982569088661847,-0.0144251003801774,"Strength"
"RumDeer_Dominance","Cervus_elaphus","Proximity","LargeHerbivore",2173,391,1.22829990895539,22,"Strength",0.0314679633897084,0.0491842026692533,0.639798180755711,0.000376784050340806,-0.0650388588082388,0.127974785587656,"Last",0,16.9160869565219,"Direct","RumDeer","Dominance","cervus elaphus","Cervus elaphus",936014,"Cervus_elaphus",48,"RumDeer_Dominance",0.0194109260557245,0.0194133645161255,0.000460829493087558,-0.022657185632774,0.0614104199122883,"Strength"
"SoaySheep_GOG","Ovis_aries","Proximity","LargeHerbivore",15683,5670,0.331475500581163,34,"Strength",0.858869076638585,0.0243550899101722,35.264459289878,0.136904370635059,0.811126606956013,0.906611546321158,"First",1,2.1452380952381,"Proximity","SoaySheep","GOG","ovis aries","Ovis aries",70819,"Ovis_aries",57,"SoaySheep_GOG",0.370005906216453,0.388429942762448,6.37755102040816e-05,0.356418993232585,0.383436363522142,"Strength"
"SoaySheep_GOG","Ovis_aries","Proximity","LargeHerbivore",15683,5670,0.331475500581163,34,"Strength",-0.231111684074909,0.0158414786605946,-14.589022213551,0.0264303749404032,-0.262165205842639,-0.200058162307179,"Last",1,2.1452380952381,"Proximity","SoaySheep","GOG","ovis aries","Ovis aries",70819,"Ovis_aries",58,"SoaySheep_GOG",-0.162574213639197,-0.16402966432059,6.37755102040816e-05,-0.177772792563777,-0.14729809384262,"Strength"
"EuropeanBoar_HRO","Sus_scrofa","Indirect","LargeHerbivore",46,46,3.02473464737728,1,"Strength",0.620467566454588,0.13013407701681,4.76790999466218,0.51981303678792,0.349838938219571,0.891096194689605,"First",1,1058.60672201452,"Indirect","EuropeanBoar","HRO","sus scrofa","Sus scrofa",730013,"Sus_scrofa",85,"EuropeanBoar_HRO",0.720980607775216,0.90968412128099,0.0232558139534884,0.544684660131801,0.836251774140625,"Strength"
"EuropeanBoar_HRO","Sus_scrofa","Indirect","LargeHerbivore",46,46,3.02473464737728,1,"Strength",-1.26538248658606,1.21650038225945,-1.04018256388528,0.0468755183554416,-3.78824986644888,1.25748489327677,"Last",0,1058.60672201452,"Indirect","EuropeanBoar","HRO","sus scrofa","Sus scrofa",730013,"Sus_scrofa",86,"EuropeanBoar_HRO",-0.216507548033415,-0.219988969452653,0.0232558139534884,-0.476835652298316,0.0787394027666122,"Strength"
"FieldingCows_HRO","Bos_taurus","Indirect","LargeHerbivore",365,365,-2.10312837599121,1,"Strength",4.28457193254967,0.450913332414486,9.50198546937449,0.334043016214564,3.3948158464955,5.17432801860384,"First",1,0.00788626967676345,"Indirect","FieldingCows","HRO","bos taurus","Bos taurus",490099,"Bos_taurus",87,"FieldingCows_HRO",0.577964545811042,0.659400854090153,0.00276243093922652,0.505292141274346,0.642496817379925,"Strength"
"FieldingCows_HRO","Bos_taurus","Indirect","LargeHerbivore",365,365,-2.10312837599121,1,"Strength",-0.141448958623821,0.0666588358640115,-2.12198363188319,0.0241434133057535,-0.272972446280849,-0.00992547096679225,"Last",1,0.00788626967676345,"Indirect","FieldingCows","HRO","bos taurus","Bos taurus",490099,"Bos_taurus",88,"FieldingCows_HRO",-0.15538150889264,-0.156650421776844,0.00276243093922652,-0.253981085606658,-0.0535856243129606,"Strength"
"KenyanElephants_HRO","Loxodonta_africana","Indirect","LargeHerbivore",77,55,4.02724509006408,2,"Strength",3.61813364227936,1.20777416226747,2.99570379572179,0.199541804062189,1.16865410924551,6.06761317531321,"First",1,10647.4372695617,"Indirect","KenyanElephants","HRO","loxodonta africana","Loxodonta africana",541936,"Loxodonta_africana",93,"KenyanElephants_HRO",0.446701023126418,0.480571293040965,0.0135135135135135,0.247483283072328,0.609680374329361,"Strength"
"KenyanElephants_HRO","Loxodonta_africana","Indirect","LargeHerbivore",77,55,4.02724509006408,2,"Strength",0.151458069107082,0.122836138472768,1.23300903944208,0.0384691122531413,-0.0972106927346727,0.400126830948836,"Last",0,10647.4372695617,"Indirect","KenyanElephants","HRO","loxodonta africana","Loxodonta africana",541936,"Loxodonta_africana",94,"KenyanElephants_HRO",0.196135443643267,0.198710191273613,0.0135135135135135,-0.0291227564173294,0.402435220819482,"Strength"
"ReticulatedGiraffes_HRO","Giraffa_camelopardalis","Indirect","LargeHerbivore",204,204,2.1291199091631,1,"Strength",0.0454240334594929,0.142553382448286,0.318645778019132,0.00101432142589697,-0.237397817187101,0.328245884106087,"First",0,134.623199881823,"Indirect","ReticulatedGiraffes","HRO","giraffa camelopardalis","Giraffa camelopardalis",768674,"Giraffa_camelopardalis",105,"ReticulatedGiraffes_HRO",0.0318484132398613,0.0318591879740247,0.00497512437810945,-0.105986462758247,0.168482472798428,"Strength"
"ReticulatedGiraffes_HRO","Giraffa_camelopardalis","Indirect","LargeHerbivore",204,204,2.1291199091631,1,"Strength",1.29341872828883,0.15380925117819,8.40923883564315,0.411817110665103,0.988302548185265,1.59853490839239,"Last",1,134.623199881823,"Indirect","ReticulatedGiraffes","HRO","giraffa camelopardalis","Giraffa camelopardalis",768674,"Giraffa_camelopardalis",106,"ReticulatedGiraffes_HRO",0.641729780098371,0.761109101527649,0.00497512437810945,0.553118894551963,0.715983323146559,"Strength"
"RumDeer_HRO","Cervus_elaphus","Indirect","LargeHerbivore",8251,889,1.24986196242241,47,"Strength",0.853367968851427,0.0234419707152511,36.4034226992799,0.243192936703447,0.807409061977765,0.899326875725089,"First",1,17.7771428571429,"Indirect","RumDeer","HRO","cervus elaphus","Cervus elaphus",936014,"Cervus_elaphus",107,"RumDeer_HRO",0.493145958822991,0.540208739973536,0.000121241513094083,0.476640119616212,0.509304219832219,"Strength"
"RumDeer_HRO","Cervus_elaphus","Indirect","LargeHerbivore",8251,889,1.24986196242241,47,"Strength",0.493957935747761,0.0169467488214017,29.147651915626,0.17081954115989,0.460733167218065,0.527182704277458,"Last",1,17.7771428571429,"Indirect","RumDeer","HRO","cervus elaphus","Cervus elaphus",936014,"Cervus_elaphus",108,"RumDeer_HRO",0.413303207294463,0.439588397244447,0.000121241513094083,0.39525035255153,0.431036911875018,"Strength"
"SoaySheep_HRO","Ovis_aries","Indirect","LargeHerbivore",13807,5006,0.2493439716362,34,"Strength",0.722903179205427,0.0202538715129963,35.6920986065089,0.155814267161981,0.683199357878662,0.762607000532192,"First",1,1.77559523809524,"Indirect","SoaySheep","HRO","ovis aries","Ovis aries",70819,"Ovis_aries",117,"SoaySheep_HRO",0.394733159440629,0.417394486417249,7.24427702115329e-05,0.380558510337041,0.408722369531083,"Strength"
"SoaySheep_HRO","Ovis_aries","Indirect","LargeHerbivore",13807,5006,0.2493439716362,34,"Strength",0.331065555784303,0.0191876545802121,17.2540919162536,0.0413494361381478,0.293451847775759,0.368679263792848,"Last",1,1.77559523809524,"Indirect","SoaySheep","HRO","ovis aries","Ovis aries",70819,"Ovis_aries",118,"SoaySheep_HRO",0.20334560761951,0.206220006879818,7.24427702115329e-05,0.187300551447776,0.219282186012263,"Strength"
"ChagosSharks_GOG","Carcharhinus_amblyrhynchos","Proximity","Shark",103,71,0.110838805317314,3,"Strength",-0.26514061325428,0.284329148298931,-0.932512951417571,0.0170943105416991,-0.836232514905946,0.305951288397386,"First",0,1.29074010782193,"Proximity","ChagosSharks","GOG","carcharhinus amblyrhynchos","Carcharhinus amblyrhynchos",517925,"Carcharhinus_amblyrhynchos",7,"ChagosSharks_GOG",-0.130745212308899,-0.131497947775141,0.01,-0.316267541853604,0.0644091603272663,"Strength"
"ChagosSharks_GOG","Carcharhinus_amblyrhynchos","Proximity","Shark",103,71,0.110838805317314,3,"Strength",0.672804775999677,0.184840420507829,3.63992234031506,0.209474100564491,0.301541865104141,1.04406768689521,"Last",1,1.29074010782193,"Proximity","ChagosSharks","GOG","carcharhinus amblyrhynchos","Carcharhinus amblyrhynchos",517925,"Carcharhinus_amblyrhynchos",8,"ChagosSharks_GOG",0.457683406477109,0.494376897428732,0.01,0.289829848960216,0.598221758785805,"Strength"
"MooreaSharks_GOG","Carcharhinus_melanopterus","Proximity","Shark",269,105,1.07003330903101,3,"Strength",0.0948957665200773,0.170755398468386,0.555740945066792,0.00233429587436462,-0.242875289442528,0.432666822482683,"First",0,11.7498766936997,"Proximity","MooreaSharks","GOG","carcharhinus melanopterus","Carcharhinus melanopterus",517931,"Carcharhinus_melanopterus",27,"MooreaSharks_GOG",0.0483145513729003,0.0483521975994226,0.0037593984962406,-0.0716976690781074,0.166947801865693,"Strength"
"MooreaSharks_GOG","Carcharhinus_melanopterus","Proximity","Shark",269,105,1.07003330903101,3,"Strength",0.31416851629554,0.126519687393759,2.48315912540768,0.0439912372197081,0.0639346196630332,0.564402412928046,"Last",1,11.7498766936997,"Proximity","MooreaSharks","GOG","carcharhinus melanopterus","Carcharhinus melanopterus",517931,"Carcharhinus_melanopterus",28,"MooreaSharks_GOG",0.209740881136006,0.212900288796534,0.0037593984962406,0.092462331044655,0.321279646153633,"Strength"
"PalmyraSharks_GOG","Carcharhinus_amblyrhynchos","Proximity","Shark",121,41,1.71085819523649,4,"Strength",0.63436689466326,0.162168970973775,3.91176493785514,0.20875180452469,0.309750430079214,0.958983359247305,"First",1,51.3875834715712,"Proximity","PalmyraSharks","GOG","carcharhinus amblyrhynchos","Carcharhinus amblyrhynchos",517925,"Carcharhinus_amblyrhynchos",35,"PalmyraSharks_GOG",0.456893646842118,0.493378322994342,0.00847457627118644,0.303117542728709,0.587478959548153,"Strength"
"PalmyraSharks_GOG","Carcharhinus_amblyrhynchos","Proximity","Shark",121,41,1.71085819523649,4,"Strength",0.118619329652971,0.213777094919994,0.554873896557366,0.00510522033513572,-0.308998527712028,0.54623718701797,"Last",0,51.3875834715712,"Proximity","PalmyraSharks","GOG","carcharhinus amblyrhynchos","Carcharhinus amblyrhynchos",517925,"Carcharhinus_amblyrhynchos",36,"PalmyraSharks_GOG",0.0714508245938122,0.0715727891401127,0.00847457627118644,-0.108428574883645,0.246799740061124,"Strength"
"PalmyraSharks_HRO","Carcharhinus_amblyrhynchos","Indirect","Shark",88,36,1.68713502330598,4,"Strength",0.494496874625542,0.253503221132035,1.95065322017344,0.0830704944701308,-0.0170933375465549,1.00608708679764,"First",0,48.6558454492052,"Indirect","PalmyraSharks","HRO","carcharhinus amblyrhynchos","Carcharhinus amblyrhynchos",517925,"Carcharhinus_amblyrhynchos",103,"PalmyraSharks_HRO",0.288219524789926,0.296623394052894,0.0117647058823529,0.0838381907630268,0.469330482708523,"Strength"
"PalmyraSharks_HRO","Carcharhinus_amblyrhynchos","Indirect","Shark",88,36,1.68713502330598,4,"Strength",0.142611555178337,0.224162262645265,0.636197875125924,0.00932496460464638,-0.309454731259628,0.594677841616303,"Last",0,48.6558454492052,"Indirect","PalmyraSharks","HRO","carcharhinus amblyrhynchos","Carcharhinus amblyrhynchos",517925,"Carcharhinus_amblyrhynchos",104,"PalmyraSharks_HRO",0.0965658563087719,0.0968677046831534,0.0117647058823529,-0.115206446231236,0.29994179775601,"Strength"
"FalkirkMice_TrapProximity","Apodemus_sylvaticus","Proximity","SmallMammal",168,168,-1.4227897785891,1,"Strength",0.00678788388852217,0.185806379730763,0.0365320281163539,1.62752116779075e-05,-0.362840195344249,0.376415963121294,"First",0,0.0377755,"Proximity","FalkirkMice","TrapProximity","apodemus sylvaticus","Apodemus sylvaticus",794922,"Apodemus_sylvaticus",13,"FalkirkMice_TrapProximity",0.00403425478594343,0.00403427667227403,0.00606060606060606,-0.147465610831784,0.155349153372654,"Strength"
"FalkirkMice_TrapProximity","Apodemus_sylvaticus","Proximity","SmallMammal",168,168,-1.4227897785891,1,"Strength",-0.12600687710939,0.270014727476573,-0.46666668254354,0.00261696236516862,-0.663055310115251,0.411041555896471,"Last",0,0.0377755,"Proximity","FalkirkMice","TrapProximity","apodemus sylvaticus","Apodemus sylvaticus",794922,"Apodemus_sylvaticus",14,"FalkirkMice_TrapProximity",-0.0511562544091006,-0.0512009492731614,0.00606060606060606,-0.201009116530265,0.101036116501262,"Strength"
"KielderVoles_TrapProximity","Microtus_agrestis","Proximity","SmallMammal",10029,9140,-1.30037904203439,6,"Strength",0.172817829322886,0.0503499190857242,3.43233579042405,0.00234503238592088,0.0741099640948136,0.271525694550959,"First",1,0.050075,"Proximity","KielderVoles","TrapProximity","microtus agrestis","Microtus agrestis",754333,"Microtus_agrestis",23,"KielderVoles_TrapProximity",0.048425534441252,0.0484634409395997,9.97406742469579e-05,0.0288811968650509,0.0679328600018928,"Strength"
"KielderVoles_TrapProximity","Microtus_agrestis","Proximity","SmallMammal",10029,9140,-1.30037904203439,6,"Strength",-0.0288726606841243,0.016490784770837,-1.75083606301041,0.00061099998877634,-0.0612018090400083,0.00345648767175976,"Last",0,0.050075,"Proximity","KielderVoles","TrapProximity","microtus agrestis","Microtus agrestis",754333,"Microtus_agrestis",24,"KielderVoles_TrapProximity",-0.0247184139615862,-0.024723450124857,9.97406742469579e-05,-0.0442687078971089,-0.00514919472391406,"Strength"
"LiverpoolMice_TrapProximity","Apodemus_sylvaticus","Proximity","SmallMammal",4110,4054,-1.54668165995296,4,"Strength",0.265770441925707,0.0742768785562022,3.57810461467642,0.0061975094773431,0.120104557300321,0.411436326551093,"First",1,0.0284,"Proximity","LiverpoolMice","TrapProximity","apodemus sylvaticus","Apodemus sylvaticus",794922,"Apodemus_sylvaticus",25,"LiverpoolMice_TrapProximity",0.0787242623169192,0.0788875012068958,0.000243486729973216,0.0482665689176918,0.109035690209257,"Strength"
"LiverpoolMice_TrapProximity","Apodemus_sylvaticus","Proximity","SmallMammal",4110,4054,-1.54668165995296,4,"Strength",-0.0192037421323443,0.0195796387094329,-0.980801659179365,0.00046812150677511,-0.0576017554790902,0.0191942712144015,"Last",0,0.0284,"Proximity","LiverpoolMice","TrapProximity","apodemus sylvaticus","Apodemus sylvaticus",794922,"Apodemus_sylvaticus",26,"LiverpoolMice_TrapProximity",-0.0216361157968594,-0.0216394928558104,0.000243486729973216,-0.0521754681887952,0.00894366688550014,"Strength"
"MountainLake_TrapProximity","Peromyscus_leucopus","Proximity","SmallMammal",319,272,-1.61083391563547,2,"Strength",-0.0100314874834792,0.201834473287648,-0.0497015565283671,1.56342158292855e-05,-0.408673155673931,0.388610180706972,"First",0,0.0245,"Proximity","MountainLake","TrapProximity","peromyscus leucopus","Peromyscus leucopus",764828,"Peromyscus_leucopus",31,"MountainLake_TrapProximity",-0.00395401262381464,-0.00395403322997018,0.00316455696202532,-0.113716608610231,0.105903942149274,"Strength"
"MountainLake_TrapProximity","Peromyscus_leucopus","Proximity","SmallMammal",319,272,-1.61083391563547,2,"Strength",-0.0923201330880552,0.0922986831118978,-1.00023239742361,0.0062922133580352,-0.274618530424129,0.0899782642480186,"Last",0,0.0245,"Proximity","MountainLake","TrapProximity","peromyscus leucopus","Peromyscus leucopus",764828,"Peromyscus_leucopus",32,"MountainLake_TrapProximity",-0.0793234729322614,-0.079490477288677,0.00316455696202532,-0.18750217543138,0.030756407390589,"Strength"
"MultimammateMice_TrapProximity","Mastomys_natalensis","Proximity","SmallMammal",21142,18631,-3.58335949266172,25,"Strength",-0.0545080440082727,0.0213261603712833,-2.55592394783218,0.000617722755273498,-0.0963113375795324,-0.012704750437013,"First",1,0.000261,"Proximity","MultimammateMice","TrapProximity","mastomys natalensis","Mastomys natalensis",271584,"Mastomys_natalensis",33,"MultimammateMice_TrapProximity",-0.0248540289545478,-0.0248591484852339,4.73059274327073e-05,-0.038320870006673,-0.0113781614391589,"Strength"
"MultimammateMice_TrapProximity","Mastomys_natalensis","Proximity","SmallMammal",21142,18631,-3.58335949266172,25,"Strength",0.0154194722001588,0.0125748613977295,1.22621408796942,0.00014223151656434,-0.0092296257987027,0.0400685701990203,"Last",0,0.000261,"Proximity","MultimammateMice","TrapProximity","mastomys natalensis","Mastomys natalensis",271584,"Mastomys_natalensis",34,"MultimammateMice_TrapProximity",0.0119260855507723,0.0119266510207745,4.73059274327073e-05,-0.00155384372131106,0.0254016814577324,"Strength"
"PrairieDogs_GOG","Cynomys_ludovicianus","Proximity","SmallMammal",49,49,3.60100521608154,1,"Strength",-0.26683327187302,0.353382416440455,-0.755083613273047,0.02526129561069,-0.999703547999725,0.466037004253686,"First",0,3990.29694868176,"Proximity","PrairieDogs","GOG","cynomys ludovicianus","Cynomys ludovicianus",580345,"Cynomys_ludovicianus",39,"PrairieDogs_GOG",-0.158938024433079,-0.160297009317144,0.0217391304347826,-0.421305284677805,0.127978272335307,"Strength"
"PrairieDogs_GOG","Cynomys_ludovicianus","Proximity","SmallMammal",49,49,3.60100521608154,1,"Strength",0.367067114444489,0.537985494368936,0.682299278115414,0.0190280881329223,-0.7432803735603,1.47741460244928,"Last",0,3990.29694868176,"Proximity","PrairieDogs","GOG","cynomys ludovicianus","Cynomys ludovicianus",580345,"Cynomys_ludovicianus",40,"PrairieDogs_GOG",0.137942336260201,0.138827389280877,0.0217391304347826,-0.149035161419788,0.403488058304146,"Strength"
"RockHyraxes_GOG","Procavia_capensis","Proximity","SmallMammal",399,196,-1.02768142691487,14,"Strength",1.14439328272938,0.654080150211713,1.74962240080052,0.0152251099268875,-0.145464205393915,2.43425077085268,"First",0,0.0938250000000025,"Proximity","RockHyraxes","GOG","procavia capensis","Procavia capensis",561114,"Procavia_capensis",43,"RockHyraxes_GOG",0.123390072237954,0.124022064794083,0.00252525252525253,0.0255246234239433,0.218912859098482,"Strength"
"RockHyraxes_GOG","Procavia_capensis","Proximity","SmallMammal",399,196,-1.02768142691487,14,"Strength",0.122410418227393,0.0501442608429195,2.44116507392247,0.0292180219306744,0.0235250594319729,0.221295777022813,"Last",1,0.0938250000000025,"Proximity","RockHyraxes","GOG","procavia capensis","Procavia capensis",561114,"Procavia_capensis",44,"RockHyraxes_GOG",0.170932799458367,0.172627380308211,0.00252525252525253,0.0739999642433334,0.264666016647054,"Strength"
"SilwoodMice_CoTrapping","Apodemus_sylvaticus","Proximity","SmallMammal",542,497,-3.6903698325741,2,"Strength",0.0759280096527413,0.126939403016316,0.598143742987209,0.00132825546257131,-0.173993076385485,0.325849095690967,"First",0,0.000204,"Proximity","SilwoodMice","CoTrapping","apodemus sylvaticus","Apodemus sylvaticus",794922,"Apodemus_sylvaticus",53,"SilwoodMice_CoTrapping",0.0364452392305403,0.0364613882985789,0.00185528756957328,-0.0479234982277604,0.120297625696662,"Strength"
"SilwoodMice_CoTrapping","Apodemus_sylvaticus","Proximity","SmallMammal",542,497,-3.6903698325741,2,"Strength",0.209655660697644,0.105319121962321,1.99067041949562,0.0144646250203387,0.0023045295890029,0.417006791806284,"Last",1,0.000204,"Proximity","SilwoodMice","CoTrapping","apodemus sylvaticus","Apodemus sylvaticus",794922,"Apodemus_sylvaticus",54,"SilwoodMice_CoTrapping",0.120268969482318,0.120853936583639,0.00185528756957328,0.0364162009202939,0.202440041138515,"Strength"
"WythamMice_CoTrapping","Apodemus_sylvaticus","Proximity","SmallMammal",274,274,-3.42021640338319,1,"Strength",0.436943360577094,0.144737688333014,3.01886375006744,0.0632385995538951,0.150696752135432,0.723189969018756,"First",1,0.00038,"Proximity","WythamMice","CoTrapping","apodemus sylvaticus","Apodemus sylvaticus",794922,"Apodemus_sylvaticus",73,"WythamMice_CoTrapping",0.251472860471851,0.256984481639947,0.003690036900369,0.137057153502696,0.359266825871282,"Strength"
"WythamMice_CoTrapping","Apodemus_sylvaticus","Proximity","SmallMammal",274,274,-3.42021640338319,1,"Strength",-0.101064088834342,0.172467487304374,-0.585989222745401,0.00251851876261566,-0.442129026959146,0.240000849290462,"Last",0,0.00038,"Proximity","WythamMice","CoTrapping","apodemus sylvaticus","Apodemus sylvaticus",794922,"Apodemus_sylvaticus",74,"WythamMice_CoTrapping",-0.0501848459459194,-0.0502270402165705,0.003690036900369,-0.167687568851514,0.0687237920249216,"Strength"
"KielderVoles_HRO","Microtus_agrestis","Indirect","SmallMammal",545,544,-1.54895272653328,6,"Strength",0.734543698115403,0.238800621360083,3.07597063161656,0.0351129641131265,0.26431422977421,1.2047731664566,"First",1,0.0282518748316966,"Indirect","KielderVoles","HRO","microtus agrestis","Microtus agrestis",754333,"Microtus_agrestis",95,"KielderVoles_HRO",0.18738453541615,0.189625141741664,0.0018450184501845,0.105048491271875,0.267169076922402,"Strength"
"KielderVoles_HRO","Microtus_agrestis","Indirect","SmallMammal",545,544,-1.54895272653328,6,"Strength",-0.382645719066409,0.054615684084112,-7.00615080600488,0.158810575164221,-0.490191101250474,-0.275100336882343,"Last",1,0.0282518748316966,"Indirect","KielderVoles","HRO","microtus agrestis","Microtus agrestis",754333,"Microtus_agrestis",96,"KielderVoles_HRO",-0.398510445489477,-0.421876906075724,0.0018450184501845,-0.466873235507983,-0.325412889284252,"Strength"
"LiverpoolMice_HRO","Apodemus_sylvaticus","Indirect","SmallMammal",243,243,-1.72336061693479,4,"Strength",-0.241164124000425,0.136956182498772,-1.76088526710057,0.0262548526770592,-0.512447963094795,0.030119715093946,"First",0,0.0189077296108036,"Indirect","LiverpoolMice","HRO","apodemus sylvaticus","Apodemus sylvaticus",794922,"Apodemus_sylvaticus",97,"LiverpoolMice_HRO",-0.162033492454675,-0.163474313776761,0.00416666666666667,-0.282125097786977,-0.0369423632625697,"Strength"
"LiverpoolMice_HRO","Apodemus_sylvaticus","Indirect","SmallMammal",243,243,-1.72336061693479,4,"Strength",0.745680223444268,0.10575062161965,7.05130818167888,0.300028137367004,0.536227792488176,0.95513265440036,"Last",1,0.0189077296108036,"Indirect","LiverpoolMice","HRO","apodemus sylvaticus","Apodemus sylvaticus",794922,"Apodemus_sylvaticus",98,"LiverpoolMice_HRO",0.547748242687281,0.61515869851086,0.00416666666666667,0.45313918606749,0.630155384967133,"Strength"
"MultimammateMice_HRO","Mastomys_natalensis","Indirect","SmallMammal",323,321,-3.62932262624153,20,"Strength",0.707032189861195,0.164218768458008,4.30542864558133,0.103825791444788,0.382716287852066,1.03134809187032,"First",1,0.000234788798701299,"Indirect","MultimammateMice","HRO","mastomys natalensis","Mastomys natalensis",271584,"Mastomys_natalensis",101,"MultimammateMice_HRO",0.322220097828779,0.334122443953371,0.003125,0.220857237962307,0.416696551764766,"Strength"
"MultimammateMice_HRO","Mastomys_natalensis","Indirect","SmallMammal",323,321,-3.62932262624153,20,"Strength",0.645247189171905,0.0794960687883487,8.1167182101774,0.291662783089492,0.488250278907865,0.802244099435946,"Last",1,0.000234788798701299,"Indirect","MultimammateMice","HRO","mastomys natalensis","Mastomys natalensis",271584,"Mastomys_natalensis",102,"MultimammateMice_HRO",0.540058129361546,0.604237663856614,0.003125,0.457916934864606,0.613056045918008,"Strength"
"SilwoodMice_HRO","Apodemus_sylvaticus","Indirect","SmallMammal",93,92,-3.75288558957821,2,"Strength",0.658237000222451,0.125687379150709,5.23709703130313,0.383988045927034,0.404930731765292,0.91154326867961,"First",1,0.000176650312650313,"Indirect","SilwoodMice","HRO","apodemus sylvaticus","Apodemus sylvaticus",794922,"Apodemus_sylvaticus",113,"SilwoodMice_HRO",0.61966768991697,0.724465453358591,0.0111111111111111,0.476052164874738,0.73108948774529,"Strength"
"SilwoodMice_HRO","Apodemus_sylvaticus","Indirect","SmallMammal",93,92,-3.75288558957821,2,"Strength",0.248830551120406,0.255580245433281,0.973590704158563,0.0201900252419548,-0.265625800082992,0.763286902323804,"Last",0,0.000176650312650313,"Indirect","SilwoodMice","HRO","apodemus sylvaticus","Apodemus sylvaticus",794922,"Apodemus_sylvaticus",114,"SilwoodMice_HRO",0.142091608626107,0.143059640441334,0.0111111111111111,-0.0634533360651862,0.336072192530001,"Strength"
